timestamp,project_name,run_id,duration,emissions,emissions_rate,cpu_power,gpu_power,ram_power,cpu_energy,gpu_energy,ram_energy,energy_consumed,country_name,country_iso_code,region,cloud_provider,cloud_region,os,python_version,codecarbon_version,cpu_count,cpu_model,gpu_count,gpu_model,longitude,latitude,ram_total_size,tracking_mode,on_cloud,pue
2025-05-01T01:03:36,StyleGAN2-ADA-PyTorch-Generation,ccb803a7-f58b-4d3c-9839-38d434501caa,43.7832727432251,0.0010024820945631519,2.2896463232485816e-05,96.8536045132958,31.885000000000005,94.35782861709595,0.001171359039308698,0.0003857635475613012,0.0011337602206747035,0.0026908828075447033,United States,USA,massachusetts,,,Linux-3.10.0-1127.el7.x86_64-x86_64-with-redhat-7.8-Maipo,3.6.8,2.2.6,1,Intel(R) Xeon(R) CPU E5-2695 v4 @ 2.10GHz,1,1 x Tesla P100-PCIE-16GB,-71.0863,42.3687,251.62087631225586,machine,N,1.0
2025-05-01T01:04:00,StyleGAN2-ADA-PyTorch-Generation,b68f98b4-95b0-4245-8297-bb822f9e816f,18.689692735672,0.0004268505209475805,2.283881960953131e-05,95.52184212891308,31.885000000000005,94.35782861709595,0.0004993074741678779,0.0001655025658837292,0.0004809508014024919,0.0011457608414540991,United States,USA,massachusetts,,,Linux-3.10.0-1127.el7.x86_64-x86_64-with-redhat-7.8-Maipo,3.6.8,2.2.6,1,Intel(R) Xeon(R) CPU E5-2695 v4 @ 2.10GHz,1,1 x Tesla P100-PCIE-16GB,-71.0863,42.3687,251.62087631225586,machine,N,1.0
2025-05-01T01:04:23,StyleGAN2-ADA-PyTorch-Generation,e73954be-afb0-4d77-9f81-3e2d6c2d1b98,18.871113777160645,0.0005191961893064188,2.7512747548308063e-05,95.54672873445007,31.901,94.35782861709595,0.0005076430644474625,0.000400342724191414,0.0004856511721850228,0.0013936369608238991,United States,USA,massachusetts,,,Linux-3.10.0-1127.el7.x86_64-x86_64-with-redhat-7.8-Maipo,3.6.8,2.2.6,1,Intel(R) Xeon(R) CPU E5-2695 v4 @ 2.10GHz,1,1 x Tesla P100-PCIE-16GB,-71.0863,42.3687,251.62087631225586,machine,N,1.0
2025-05-01T01:04:47,StyleGAN2-ADA-PyTorch-Generation,6dffd80b-5c98-4a35-9ddb-03e5329991f4,19.016921281814575,0.0004340907463456132,2.2826552201208497e-05,95.47347751848166,31.901,94.35782861709595,0.000505487306611744,0.00017039098586665258,0.0004893169091024081,0.0011651952015808047,United States,USA,massachusetts,,,Linux-3.10.0-1127.el7.x86_64-x86_64-with-redhat-7.8-Maipo,3.6.8,2.2.6,1,Intel(R) Xeon(R) CPU E5-2695 v4 @ 2.10GHz,1,1 x Tesla P100-PCIE-16GB,-71.0863,42.3687,251.62087631225586,machine,N,1.0
2025-05-01T01:05:10,StyleGAN2-ADA-PyTorch-Generation,2d06a3d5-3038-4ad7-ad8c-fccab4ceb142,18.587351083755493,0.00042339588225674885,2.277871012114135e-05,95.42333228192508,31.901,94.35782861709595,0.0004939046006789198,0.00016449569658186702,0.00047808753282497596,0.0011364878300857628,United States,USA,massachusetts,,,Linux-3.10.0-1127.el7.x86_64-x86_64-with-redhat-7.8-Maipo,3.6.8,2.2.6,1,Intel(R) Xeon(R) CPU E5-2695 v4 @ 2.10GHz,1,1 x Tesla P100-PCIE-16GB,-71.0863,42.3687,251.62087631225586,machine,N,1.0
2025-05-01T01:05:32,StyleGAN2-ADA-PyTorch-Generation,0ef99501-7143-4741-b4f5-f73b489492e5,17.98240995407105,0.0004159763152204439,2.3132400845208786e-05,95.32662788483849,31.885000000000005,94.35782861709595,0.0004775747581706093,0.00017635854247728986,0.00046263877684168513,0.0011165720774895843,United States,USA,massachusetts,,,Linux-3.10.0-1127.el7.x86_64-x86_64-with-redhat-7.8-Maipo,3.6.8,2.2.6,1,Intel(R) Xeon(R) CPU E5-2695 v4 @ 2.10GHz,1,1 x Tesla P100-PCIE-16GB,-71.0863,42.3687,251.62087631225586,machine,N,1.0
2025-05-01T01:05:56,StyleGAN2-ADA-PyTorch-Generation,ff6af502-328a-4c39-b2d2-fc6ad0367c4a,18.47142958641052,0.0004222046682200042,2.285717335763883e-05,95.65868585184185,31.901,94.35782861709595,0.0004936895538402118,0.00016459626719746322,0.0004750045281265168,0.0011332903491641918,United States,USA,massachusetts,,,Linux-3.10.0-1127.el7.x86_64-x86_64-with-redhat-7.8-Maipo,3.6.8,2.2.6,1,Intel(R) Xeon(R) CPU E5-2695 v4 @ 2.10GHz,1,1 x Tesla P100-PCIE-16GB,-71.0863,42.3687,251.62087631225586,machine,N,1.0
2025-05-01T01:06:19,StyleGAN2-ADA-PyTorch-Generation,48dd5ea9-29ed-4bb6-8c8e-c6691b47eac5,18.88680219650269,0.00045505118202026143,2.4093606598184438e-05,95.9957513744345,31.901,94.35782861709595,0.0005027083471663597,0.00023275651653382519,0.0004859927652111905,0.0012214576289113757,United States,USA,massachusetts,,,Linux-3.10.0-1127.el7.x86_64-x86_64-with-redhat-7.8-Maipo,3.6.8,2.2.6,1,Intel(R) Xeon(R) CPU E5-2695 v4 @ 2.10GHz,1,1 x Tesla P100-PCIE-16GB,-71.0863,42.3687,251.62087631225586,machine,N,1.0
2025-05-01T01:06:43,StyleGAN2-ADA-PyTorch-Generation,c31fb0b7-a560-40f5-8283-0a4c6bb60bbc,19.537377119064328,0.0004459282888386144,2.282436819031779e-05,96.24474062175057,31.885000000000005,94.35782861709595,0.0005197235288340457,0.00017395476709140668,0.0005032914777407297,0.001196969773666182,United States,USA,massachusetts,,,Linux-3.10.0-1127.el7.x86_64-x86_64-with-redhat-7.8-Maipo,3.6.8,2.2.6,1,Intel(R) Xeon(R) CPU E5-2695 v4 @ 2.10GHz,1,1 x Tesla P100-PCIE-16GB,-71.0863,42.3687,251.62087631225586,machine,N,1.0
2025-05-01T01:07:06,StyleGAN2-ADA-PyTorch-Generation,330654bc-044a-4c1d-84f6-d04de156fac3,18.611199855804447,0.0004358765044949326,2.342011841643793e-05,95.88965072975937,31.885000000000005,94.35782861709595,0.0004970363431843067,0.00019401901320735616,0.00047893321349815965,0.0011699885698898222,United States,USA,massachusetts,,,Linux-3.10.0-1127.el7.x86_64-x86_64-with-redhat-7.8-Maipo,3.6.8,2.2.6,1,Intel(R) Xeon(R) CPU E5-2695 v4 @ 2.10GHz,1,1 x Tesla P100-PCIE-16GB,-71.0863,42.3687,251.62087631225586,machine,N,1.0
2025-05-01T01:07:34,StyleGAN2-ADA-PyTorch-Generation,e44da555-7fce-4190-9f15-270aca576214,23.225664615631104,0.00047563189093546046,2.0478720364167984e-05,93.43534427860331,26.386999999999997,94.35782861709595,0.000614006063982233,0.00019439212991595263,0.0004683025920604225,0.0012767007859586085,United States,USA,massachusetts,,,Linux-3.10.0-1127.el7.x86_64-x86_64-with-redhat-7.8-Maipo,3.6.8,2.2.6,1,Intel(R) Xeon(R) CPU E5-2695 v4 @ 2.10GHz,1,1 x Tesla P100-PCIE-16GB,-71.0863,42.3687,251.62087631225586,machine,N,1.0
2025-05-01T01:07:58,StyleGAN2-ADA-PyTorch-Generation,dc5f1b54-d070-43d8-b329-2855ec9b33eb,18.801605939865112,0.000429235562365492,2.2829728680536925e-05,95.75873732750568,32.141,94.35782861709595,0.0005005992640902037,0.00016769632941226166,0.00048386722458697366,0.0011521628180894384,United States,USA,massachusetts,,,Linux-3.10.0-1127.el7.x86_64-x86_64-with-redhat-7.8-Maipo,3.6.8,2.2.6,1,Intel(R) Xeon(R) CPU E5-2695 v4 @ 2.10GHz,1,1 x Tesla P100-PCIE-16GB,-71.0863,42.3687,251.62087631225586,machine,N,1.0
2025-05-01T01:08:21,StyleGAN2-ADA-PyTorch-Generation,d66d5d4d-b3a7-41d1-bf17-64b0778c3bb3,18.464609384536747,0.0005206443915217426,2.819688089138556e-05,96.54775694573013,31.901,94.35782861709595,0.0004939248781951422,0.0004285387004019817,0.0004750606760390009,0.001397524254636125,United States,USA,massachusetts,,,Linux-3.10.0-1127.el7.x86_64-x86_64-with-redhat-7.8-Maipo,3.6.8,2.2.6,1,Intel(R) Xeon(R) CPU E5-2695 v4 @ 2.10GHz,1,1 x Tesla P100-PCIE-16GB,-71.0863,42.3687,251.62087631225586,machine,N,1.0
2025-05-01T01:08:44,StyleGAN2-ADA-PyTorch-Generation,9f269489-de4d-4a62-8e79-b39389d3eea0,18.5334632396698,0.0004603326558156106,2.483791884240477e-05,95.77961752125313,31.885000000000005,94.35782861709595,0.0004929122051627781,0.00026572114384531973,0.0004770009191784121,0.0012356342681865099,United States,USA,massachusetts,,,Linux-3.10.0-1127.el7.x86_64-x86_64-with-redhat-7.8-Maipo,3.6.8,2.2.6,1,Intel(R) Xeon(R) CPU E5-2695 v4 @ 2.10GHz,1,1 x Tesla P100-PCIE-16GB,-71.0863,42.3687,251.62087631225586,machine,N,1.0
2025-05-01T01:09:07,StyleGAN2-ADA-PyTorch-Generation,546f3185-21b8-4808-9f5e-c4b295770017,18.826228618621823,0.0004321579949793639,2.295510182808988e-05,95.42868753487272,31.901,94.35782861709595,0.0005068947919043953,0.000168667296672927,0.00048444518251484364,0.001160007271092166,United States,USA,massachusetts,,,Linux-3.10.0-1127.el7.x86_64-x86_64-with-redhat-7.8-Maipo,3.6.8,2.2.6,1,Intel(R) Xeon(R) CPU E5-2695 v4 @ 2.10GHz,1,1 x Tesla P100-PCIE-16GB,-71.0863,42.3687,251.62087631225586,machine,N,1.0
2025-05-01T01:09:30,StyleGAN2-ADA-PyTorch-Generation,5a84d864-01a1-4470-9508-c6bd2762242a,18.524129152297974,0.0004226858517906738,2.281812269367807e-05,95.7277818711462,32.141,94.35782861709595,0.0004927985611829777,0.00016528558431208132,0.000476497806386638,0.0011345819518816973,United States,USA,massachusetts,,,Linux-3.10.0-1127.el7.x86_64-x86_64-with-redhat-7.8-Maipo,3.6.8,2.2.6,1,Intel(R) Xeon(R) CPU E5-2695 v4 @ 2.10GHz,1,1 x Tesla P100-PCIE-16GB,-71.0863,42.3687,251.62087631225586,machine,N,1.0
2025-05-01T01:09:53,StyleGAN2-ADA-PyTorch-Generation,3579e440-eddc-44a2-84b2-fa04d4385e76,18.372952222824093,0.00042393704906151824,2.307397547874073e-05,95.5899764108552,31.901,94.35782861709595,0.0004993914650684154,0.00016568134301225344,0.0004728676329383621,0.0011379404410190304,United States,USA,massachusetts,,,Linux-3.10.0-1127.el7.x86_64-x86_64-with-redhat-7.8-Maipo,3.6.8,2.2.6,1,Intel(R) Xeon(R) CPU E5-2695 v4 @ 2.10GHz,1,1 x Tesla P100-PCIE-16GB,-71.0863,42.3687,251.62087631225586,machine,N,1.0
2025-05-01T01:10:17,StyleGAN2-ADA-PyTorch-Generation,c8627243-5a97-4ddc-8416-2ed140ccc18d,18.824507236480716,0.0004298960944505477,2.283704370319113e-05,95.55021072149229,32.125,94.35782861709595,0.0005016692424461835,0.00016780667146046958,0.0004844599178267677,0.0011539358317334207,United States,USA,massachusetts,,,Linux-3.10.0-1127.el7.x86_64-x86_64-with-redhat-7.8-Maipo,3.6.8,2.2.6,1,Intel(R) Xeon(R) CPU E5-2695 v4 @ 2.10GHz,1,1 x Tesla P100-PCIE-16GB,-71.0863,42.3687,251.62087631225586,machine,N,1.0
2025-05-01T01:10:40,StyleGAN2-ADA-PyTorch-Generation,5be822bd-9f73-4f76-9edd-0d0b53ea8e01,18.395958423614506,0.00048819663077111485,2.653825473667233e-05,95.78936568079037,32.141,94.35782861709595,0.0004910522297859113,0.00034612555991080085,0.0004732495262302624,0.0013104273159269743,United States,USA,massachusetts,,,Linux-3.10.0-1127.el7.x86_64-x86_64-with-redhat-7.8-Maipo,3.6.8,2.2.6,1,Intel(R) Xeon(R) CPU E5-2695 v4 @ 2.10GHz,1,1 x Tesla P100-PCIE-16GB,-71.0863,42.3687,251.62087631225586,machine,N,1.0
2025-05-01T01:11:03,StyleGAN2-ADA-PyTorch-Generation,aafabd4f-72b8-42e2-872f-cbb129e4a470,18.57522416114807,0.00043698682391556337,2.3525251707571028e-05,96.63328296340842,31.901,94.35782861709595,0.0004956158034367682,0.00019979364716298046,0.0004775594612393832,0.0011729689118391321,United States,USA,massachusetts,,,Linux-3.10.0-1127.el7.x86_64-x86_64-with-redhat-7.8-Maipo,3.6.8,2.2.6,1,Intel(R) Xeon(R) CPU E5-2695 v4 @ 2.10GHz,1,1 x Tesla P100-PCIE-16GB,-71.0863,42.3687,251.62087631225586,machine,N,1.0
2025-05-01T01:11:26,StyleGAN2-ADA-PyTorch-Generation,45c2d849-7750-4ef7-ba37-e2ff29ea4ee4,18.637837648391727,0.0004268756558432798,2.2903711465697595e-05,97.1918677764059,32.141,94.35782861709595,0.0005000008491670245,0.0001663004033176104,0.0004795270565672133,0.0011458283090518481,United States,USA,massachusetts,,,Linux-3.10.0-1127.el7.x86_64-x86_64-with-redhat-7.8-Maipo,3.6.8,2.2.6,1,Intel(R) Xeon(R) CPU E5-2695 v4 @ 2.10GHz,1,1 x Tesla P100-PCIE-16GB,-71.0863,42.3687,251.62087631225586,machine,N,1.0
2025-05-01T01:11:50,StyleGAN2-ADA-PyTorch-Generation,a7447275-07e3-4900-9692-5f9ded9b9d1e,18.75719308853149,0.00042806172588688037,2.2821203783875612e-05,95.4552426336235,31.885000000000005,94.35782861709595,0.000498320622545065,0.00016801869534783896,0.00048267266446959736,0.0011490119823625016,United States,USA,massachusetts,,,Linux-3.10.0-1127.el7.x86_64-x86_64-with-redhat-7.8-Maipo,3.6.8,2.2.6,1,Intel(R) Xeon(R) CPU E5-2695 v4 @ 2.10GHz,1,1 x Tesla P100-PCIE-16GB,-71.0863,42.3687,251.62087631225586,machine,N,1.0
2025-05-01T01:12:12,StyleGAN2-ADA-PyTorch-Generation,f4b7f880-3fb9-4e41-9214-e0466c4c97c1,18.41112089157105,0.0004203080810232661,2.2829032707926602e-05,95.38404919721422,32.141,94.35782861709595,0.0004892940133793423,0.0001651696051331361,0.0004737358727616922,0.0011281994912741705,United States,USA,massachusetts,,,Linux-3.10.0-1127.el7.x86_64-x86_64-with-redhat-7.8-Maipo,3.6.8,2.2.6,1,Intel(R) Xeon(R) CPU E5-2695 v4 @ 2.10GHz,1,1 x Tesla P100-PCIE-16GB,-71.0863,42.3687,251.62087631225586,machine,N,1.0
2025-05-01T01:12:36,StyleGAN2-ADA-PyTorch-Generation,43547ed3-3e75-400d-bccd-4b6696d473d1,18.421787977218628,0.00045890319557838094,2.4910893347914185e-05,95.33706651849093,31.901,94.35782861709595,0.0004889331433684268,0.0002687467849894364,0.0004741173536148365,0.0012317972819727,United States,USA,massachusetts,,,Linux-3.10.0-1127.el7.x86_64-x86_64-with-redhat-7.8-Maipo,3.6.8,2.2.6,1,Intel(R) Xeon(R) CPU E5-2695 v4 @ 2.10GHz,1,1 x Tesla P100-PCIE-16GB,-71.0863,42.3687,251.62087631225586,machine,N,1.0
2025-05-01T01:12:59,StyleGAN2-ADA-PyTorch-Generation,5460759d-7c28-48ad-aad5-ebf4814e093e,18.7169988155365,0.0004318086514294548,2.30704001044773e-05,95.51889261751757,32.141,94.35782861709595,0.0004968939958482093,0.0001820257523453898,0.0004801498078436292,0.0011590695560372286,United States,USA,massachusetts,,,Linux-3.10.0-1127.el7.x86_64-x86_64-with-redhat-7.8-Maipo,3.6.8,2.2.6,1,Intel(R) Xeon(R) CPU E5-2695 v4 @ 2.10GHz,1,1 x Tesla P100-PCIE-16GB,-71.0863,42.3687,251.62087631225586,machine,N,1.0
2025-05-01T01:13:22,StyleGAN2-ADA-PyTorch-Generation,83e8b7c5-5817-49ad-a480-e25bc55ea08d,18.24148750305176,0.0005166959659622237,2.8325319734795844e-05,95.15722666099312,31.901,94.35782861709595,0.0004844817048072786,0.00043323627307494486,0.00046920783263943653,0.00138692581052166,United States,USA,massachusetts,,,Linux-3.10.0-1127.el7.x86_64-x86_64-with-redhat-7.8-Maipo,3.6.8,2.2.6,1,Intel(R) Xeon(R) CPU E5-2695 v4 @ 2.10GHz,1,1 x Tesla P100-PCIE-16GB,-71.0863,42.3687,251.62087631225586,machine,N,1.0
2025-05-01T01:13:45,StyleGAN2-ADA-PyTorch-Generation,03f97459-d7dd-43c4-a4c0-830fb28f2afc,18.56379771232605,0.00042346039642829613,2.281108655623443e-05,95.6019813553054,32.141,94.35782861709595,0.000492497793997921,0.00016657114993870258,0.0004775920563992626,0.0011366610003358862,United States,USA,massachusetts,,,Linux-3.10.0-1127.el7.x86_64-x86_64-with-redhat-7.8-Maipo,3.6.8,2.2.6,1,Intel(R) Xeon(R) CPU E5-2695 v4 @ 2.10GHz,1,1 x Tesla P100-PCIE-16GB,-71.0863,42.3687,251.62087631225586,machine,N,1.0
2025-05-01T01:14:08,StyleGAN2-ADA-PyTorch-Generation,4ac84790-0b6d-4af6-a98b-03c0a32c88e8,18.286042690277103,0.0004201543753048536,2.297677974514708e-05,95.3178309521672,32.125,94.35782861709595,0.0004852564598715175,0.0001722565208077431,0.00047027393058241815,0.0011277869112616787,United States,USA,massachusetts,,,Linux-3.10.0-1127.el7.x86_64-x86_64-with-redhat-7.8-Maipo,3.6.8,2.2.6,1,Intel(R) Xeon(R) CPU E5-2695 v4 @ 2.10GHz,1,1 x Tesla P100-PCIE-16GB,-71.0863,42.3687,251.62087631225586,machine,N,1.0
2025-05-01T01:14:31,StyleGAN2-ADA-PyTorch-Generation,5967f35f-377a-49fb-9e66-e53eca5d1e7f,18.995149135589603,0.0004329090646362757,2.2790506225885355e-05,95.31399415777938,32.141,94.35782861709595,0.0005037282599267313,0.00016947366491529674,0.0004888213826841182,0.0011620233075261461,United States,USA,massachusetts,,,Linux-3.10.0-1127.el7.x86_64-x86_64-with-redhat-7.8-Maipo,3.6.8,2.2.6,1,Intel(R) Xeon(R) CPU E5-2695 v4 @ 2.10GHz,1,1 x Tesla P100-PCIE-16GB,-71.0863,42.3687,251.62087631225586,machine,N,1.0
2025-05-01T01:14:54,StyleGAN2-ADA-PyTorch-Generation,11ab8285-1c1b-4229-b029-d8f972bb2bbc,18.71234893798828,0.0005242392896805971,2.8015685867012102e-05,95.75990190570194,32.141,94.35782861709595,0.0004966875787386343,0.0004290899393206835,0.00048139623525912656,0.0014071737533184446,United States,USA,massachusetts,,,Linux-3.10.0-1127.el7.x86_64-x86_64-with-redhat-7.8-Maipo,3.6.8,2.2.6,1,Intel(R) Xeon(R) CPU E5-2695 v4 @ 2.10GHz,1,1 x Tesla P100-PCIE-16GB,-71.0863,42.3687,251.62087631225586,machine,N,1.0
2025-05-01T01:15:17,StyleGAN2-ADA-PyTorch-Generation,e1112de2-84c1-4d7f-96a5-30935ddd9347,18.139067888259888,0.0004133199909085946,2.278617586387153e-05,95.05837169892656,32.141,94.35782861709595,0.0004811617204846311,0.00016178140615310933,0.00046649879116043,0.0011094419177981702,United States,USA,massachusetts,,,Linux-3.10.0-1127.el7.x86_64-x86_64-with-redhat-7.8-Maipo,3.6.8,2.2.6,1,Intel(R) Xeon(R) CPU E5-2695 v4 @ 2.10GHz,1,1 x Tesla P100-PCIE-16GB,-71.0863,42.3687,251.62087631225586,machine,N,1.0
2025-05-01T01:15:40,StyleGAN2-ADA-PyTorch-Generation,f5cb9512-3376-43b0-acb5-ce026a010786,18.26701545715332,0.0004162121164120532,2.2784899776775823e-05,95.23629240160105,31.901,94.35782861709595,0.00048449504759572217,0.00016278492110537155,0.0004699250511382255,0.0011172050198393192,United States,USA,massachusetts,,,Linux-3.10.0-1127.el7.x86_64-x86_64-with-redhat-7.8-Maipo,3.6.8,2.2.6,1,Intel(R) Xeon(R) CPU E5-2695 v4 @ 2.10GHz,1,1 x Tesla P100-PCIE-16GB,-71.0863,42.3687,251.62087631225586,machine,N,1.0
2025-05-01T01:16:04,StyleGAN2-ADA-PyTorch-Generation,98a64206-a862-4c18-b34f-a1bfaab5cea2,18.94437289237976,0.00043183032327517883,2.279464861298626e-05,95.2713366291996,31.901,94.35782861709595,0.0005028215669791482,0.00016867267074008782,0.0004876334903266328,0.0011591277280458686,United States,USA,massachusetts,,,Linux-3.10.0-1127.el7.x86_64-x86_64-with-redhat-7.8-Maipo,3.6.8,2.2.6,1,Intel(R) Xeon(R) CPU E5-2695 v4 @ 2.10GHz,1,1 x Tesla P100-PCIE-16GB,-71.0863,42.3687,251.62087631225586,machine,N,1.0
2025-05-01T01:16:27,StyleGAN2-ADA-PyTorch-Generation,1b16ab02-e4fb-48d2-a449-607b015bfb5f,18.427905321121216,0.00042116721571581377,2.2854861058629995e-05,95.99434953859043,31.885000000000005,94.35782861709595,0.0004923347960897487,0.00016414511600606967,0.00047402568597674767,0.0011305055980725658,United States,USA,massachusetts,,,Linux-3.10.0-1127.el7.x86_64-x86_64-with-redhat-7.8-Maipo,3.6.8,2.2.6,1,Intel(R) Xeon(R) CPU E5-2695 v4 @ 2.10GHz,1,1 x Tesla P100-PCIE-16GB,-71.0863,42.3687,251.62087631225586,machine,N,1.0
2025-05-01T01:16:50,StyleGAN2-ADA-PyTorch-Generation,fcb175ec-6d0a-49cb-80cb-8f7f5dff3f80,18.839683532714844,0.0004293864610066777,2.279159627395302e-05,95.36162311880452,31.901,94.35782861709595,0.0004998886296328116,0.00016783212332361274,0.00048484711033177735,0.0011525678632882015,United States,USA,massachusetts,,,Linux-3.10.0-1127.el7.x86_64-x86_64-with-redhat-7.8-Maipo,3.6.8,2.2.6,1,Intel(R) Xeon(R) CPU E5-2695 v4 @ 2.10GHz,1,1 x Tesla P100-PCIE-16GB,-71.0863,42.3687,251.62087631225586,machine,N,1.0
2025-05-01T01:17:13,StyleGAN2-ADA-PyTorch-Generation,d3253915-6315-4907-b080-fb586c92c625,18.54412627220153,0.0004318447739683084,2.3287415520658028e-05,95.36988079325852,31.901,94.35782861709595,0.0004937810216911632,0.00018838339494579368,0.00047700210025303203,0.001159166516889989,United States,USA,massachusetts,,,Linux-3.10.0-1127.el7.x86_64-x86_64-with-redhat-7.8-Maipo,3.6.8,2.2.6,1,Intel(R) Xeon(R) CPU E5-2695 v4 @ 2.10GHz,1,1 x Tesla P100-PCIE-16GB,-71.0863,42.3687,251.62087631225586,machine,N,1.0
2025-05-01T01:17:36,StyleGAN2-ADA-PyTorch-Generation,04f0f4eb-7552-4c14-8c0a-521f445ce293,18.137935400009155,0.00043407728690470274,2.3932011959006296e-05,95.2158803641043,32.141,94.35782861709595,0.0004824044112009974,0.0002160939076648817,0.00046666075461015294,0.001165159073476032,United States,USA,massachusetts,,,Linux-3.10.0-1127.el7.x86_64-x86_64-with-redhat-7.8-Maipo,3.6.8,2.2.6,1,Intel(R) Xeon(R) CPU E5-2695 v4 @ 2.10GHz,1,1 x Tesla P100-PCIE-16GB,-71.0863,42.3687,251.62087631225586,machine,N,1.0
2025-05-01T01:17:59,StyleGAN2-ADA-PyTorch-Generation,a7523655-da6c-4822-b061-297decf9f78c,18.257080078125,0.0004160186210379269,2.2786700789924563e-05,95.35677247711384,31.885000000000005,94.35782861709595,0.0004844727361889932,0.00016257741779850587,0.00046963548163698045,0.0011166856356244793,United States,USA,massachusetts,,,Linux-3.10.0-1127.el7.x86_64-x86_64-with-redhat-7.8-Maipo,3.6.8,2.2.6,1,Intel(R) Xeon(R) CPU E5-2695 v4 @ 2.10GHz,1,1 x Tesla P100-PCIE-16GB,-71.0863,42.3687,251.62087631225586,machine,N,1.0
2025-05-01T01:18:22,StyleGAN2-ADA-PyTorch-Generation,5b915ef0-0ccb-4e36-b86a-6b7cd971a61d,18.302648305892944,0.0004185707869128966,2.2869411022782332e-05,95.71780481590746,32.141,94.35782861709595,0.0004895859980573768,0.0001632410846068462,0.0004707091284590142,0.0011235362111232372,United States,USA,massachusetts,,,Linux-3.10.0-1127.el7.x86_64-x86_64-with-redhat-7.8-Maipo,3.6.8,2.2.6,1,Intel(R) Xeon(R) CPU E5-2695 v4 @ 2.10GHz,1,1 x Tesla P100-PCIE-16GB,-71.0863,42.3687,251.62087631225586,machine,N,1.0
2025-05-01T01:18:46,StyleGAN2-ADA-PyTorch-Generation,223250b7-fcbd-4844-9d3f-b128b2c9f763,19.075133562088013,0.0004356846104109623,2.28404487440596e-05,95.34447413400116,32.125,94.35782861709595,0.0005062281535933074,0.00017222245576706198,0.0004910228745301858,0.0011694734838905553,United States,USA,massachusetts,,,Linux-3.10.0-1127.el7.x86_64-x86_64-with-redhat-7.8-Maipo,3.6.8,2.2.6,1,Intel(R) Xeon(R) CPU E5-2695 v4 @ 2.10GHz,1,1 x Tesla P100-PCIE-16GB,-71.0863,42.3687,251.62087631225586,machine,N,1.0
2025-05-01T01:19:08,StyleGAN2-ADA-PyTorch-Generation,87e20b4c-3d71-468f-9b37-693babab0f76,18.206351757049557,0.0004160125199842893,2.2849856222469605e-05,97.39072233020066,32.141,94.35782861709595,0.0004850788138960668,0.00016346005877468318,0.00046813038638158865,0.0011166692590523386,United States,USA,massachusetts,,,Linux-3.10.0-1127.el7.x86_64-x86_64-with-redhat-7.8-Maipo,3.6.8,2.2.6,1,Intel(R) Xeon(R) CPU E5-2695 v4 @ 2.10GHz,1,1 x Tesla P100-PCIE-16GB,-71.0863,42.3687,251.62087631225586,machine,N,1.0
2025-05-01T01:19:32,StyleGAN2-ADA-PyTorch-Generation,f3eb0f9a-e9a4-426a-96f7-25cf990fbd28,18.781956434249878,0.0004299361629674739,2.289091471767355e-05,96.0327131185327,31.901,94.35782861709595,0.0005036719548816848,0.00016723359668321082,0.0004831378328958063,0.0011540433844607018,United States,USA,massachusetts,,,Linux-3.10.0-1127.el7.x86_64-x86_64-with-redhat-7.8-Maipo,3.6.8,2.2.6,1,Intel(R) Xeon(R) CPU E5-2695 v4 @ 2.10GHz,1,1 x Tesla P100-PCIE-16GB,-71.0863,42.3687,251.62087631225586,machine,N,1.0
2025-05-01T01:19:56,StyleGAN2-ADA-PyTorch-Generation,80a9b9df-d491-4318-a4d8-900eb5bd25b9,18.99389386177063,0.0004326685574649217,2.277935006974857e-05,92.55000297306827,31.901,94.35782861709595,0.0005031856750482098,0.0001682210337702433,0.0004899710244715071,0.0011613777332899605,United States,USA,massachusetts,,,Linux-3.10.0-1127.el7.x86_64-x86_64-with-redhat-7.8-Maipo,3.6.8,2.2.6,1,Intel(R) Xeon(R) CPU E5-2695 v4 @ 2.10GHz,1,1 x Tesla P100-PCIE-16GB,-71.0863,42.3687,251.62087631225586,machine,N,1.0
2025-05-01T01:20:37,StyleGAN2-ADA-PyTorch-Generation,f8dfe463-f10d-46b3-95f3-f9e910102a7e,36.96024179458618,0.0008592928933102758,2.3249114496760198e-05,95.46526564313378,32.141,94.35782861709595,0.0009832690924479763,0.000368497101652556,0.0009547652499963012,0.002306531444096834,United States,USA,massachusetts,,,Linux-3.10.0-1127.el7.x86_64-x86_64-with-redhat-7.8-Maipo,3.6.8,2.2.6,1,Intel(R) Xeon(R) CPU E5-2695 v4 @ 2.10GHz,1,1 x Tesla P100-PCIE-16GB,-71.0863,42.3687,251.62087631225586,machine,N,1.0
2025-05-01T01:21:05,StyleGAN2-ADA-PyTorch-Generation,717a9377-82ce-4aca-be74-72fcbf0826f4,22.842443227767944,0.000523535966482961,2.291943822570325e-05,95.64429373352378,31.885000000000005,94.35782861709595,0.0006122692609261282,0.0002031782605032126,0.0005898383574712657,0.0014052858789006064,United States,USA,massachusetts,,,Linux-3.10.0-1127.el7.x86_64-x86_64-with-redhat-7.8-Maipo,3.6.8,2.2.6,1,Intel(R) Xeon(R) CPU E5-2695 v4 @ 2.10GHz,1,1 x Tesla P100-PCIE-16GB,-71.0863,42.3687,251.62087631225586,machine,N,1.0
2025-05-01T01:21:46,StyleGAN2-ADA-PyTorch-Generation,9fdfa1b3-3114-4acd-8978-9c4955dc3d8b,37.00181221961975,0.0007989783077611666,2.159295071870881e-05,95.56261370390331,32.141,94.35782861709595,0.0009903320853205787,0.00033018950929290716,0.0008241122134273082,0.002144633808040794,United States,USA,massachusetts,,,Linux-3.10.0-1127.el7.x86_64-x86_64-with-redhat-7.8-Maipo,3.6.8,2.2.6,1,Intel(R) Xeon(R) CPU E5-2695 v4 @ 2.10GHz,1,1 x Tesla P100-PCIE-16GB,-71.0863,42.3687,251.62087631225586,machine,N,1.0
2025-05-01T01:22:32,StyleGAN2-ADA-PyTorch-Generation,abd5d1fb-cf59-4ded-a6da-56cb83b73acb,41.451455354690545,0.0009506005063099649,2.2932862023200274e-05,95.55743513340632,32.141,94.35782861709595,0.001111219849530715,0.0003679114758168326,0.0010724898688319305,0.002551621194179478,United States,USA,massachusetts,,,Linux-3.10.0-1127.el7.x86_64-x86_64-with-redhat-7.8-Maipo,3.6.8,2.2.6,1,Intel(R) Xeon(R) CPU E5-2695 v4 @ 2.10GHz,1,1 x Tesla P100-PCIE-16GB,-71.0863,42.3687,251.62087631225586,machine,N,1.0
2025-05-01T01:23:18,StyleGAN2-ADA-PyTorch-Generation,7c6a0c37-9aaa-4227-9709-204678762e5b,40.905013084411614,0.0009427500619030675,2.304729887159815e-05,95.7205062965055,32.141,94.35782861709595,0.001092333011365713,0.0003799443177848392,0.0010582715426396565,0.002530548871790209,United States,USA,massachusetts,,,Linux-3.10.0-1127.el7.x86_64-x86_64-with-redhat-7.8-Maipo,3.6.8,2.2.6,1,Intel(R) Xeon(R) CPU E5-2695 v4 @ 2.10GHz,1,1 x Tesla P100-PCIE-16GB,-71.0863,42.3687,251.62087631225586,machine,N,1.0
2025-05-01T01:24:04,StyleGAN2-ADA-PyTorch-Generation,716158f3-076d-4248-a924-2af21690af1f,41.21371746063232,0.0009414448762864996,2.284299826109536e-05,95.72875998283112,31.885000000000005,94.35782861709595,0.0010971858571924373,0.0003639532811607257,0.0010659063276851372,0.0025270454660383003,United States,USA,massachusetts,,,Linux-3.10.0-1127.el7.x86_64-x86_64-with-redhat-7.8-Maipo,3.6.8,2.2.6,1,Intel(R) Xeon(R) CPU E5-2695 v4 @ 2.10GHz,1,1 x Tesla P100-PCIE-16GB,-71.0863,42.3687,251.62087631225586,machine,N,1.0
2025-05-01T01:24:18,StyleGAN2-ADA-PyTorch-Generation,16b83be3-c57b-4ba7-a78b-4054fe3937b6,9.660804748535156,0.00022073567281395137,2.2848580274580223e-05,96.00089330349512,31.901,94.35782861709595,0.0002576008988583317,8.556484132700497e-05,0.0002493374378846001,0.0005925031780699367,United States,USA,massachusetts,,,Linux-3.10.0-1127.el7.x86_64-x86_64-with-redhat-7.8-Maipo,3.6.8,2.2.6,1,Intel(R) Xeon(R) CPU E5-2695 v4 @ 2.10GHz,1,1 x Tesla P100-PCIE-16GB,-71.0863,42.3687,251.62087631225586,machine,N,1.0
2025-05-01T01:25:00,StyleGAN2-ADA-PyTorch-Generation,e30b1b7e-1382-4ef9-9306-ce75c3ff71d0,37.03260278701782,0.0008453700236108913,2.282772368101669e-05,95.55776654321205,31.901,94.35782861709595,0.0009859323737452606,0.0003269501700715886,0.0009562768505357106,0.0022691593943525595,United States,USA,massachusetts,,,Linux-3.10.0-1127.el7.x86_64-x86_64-with-redhat-7.8-Maipo,3.6.8,2.2.6,1,Intel(R) Xeon(R) CPU E5-2695 v4 @ 2.10GHz,1,1 x Tesla P100-PCIE-16GB,-71.0863,42.3687,251.62087631225586,machine,N,1.0
2025-05-01T01:25:45,StyleGAN2-ADA-PyTorch-Generation,187cfaf5-8331-4b63-abde-e1d4a66112a3,40.346478462219245,0.0010030509284923157,2.486092880278461e-05,95.48374772167423,31.901,94.35782861709595,0.001074360376432059,0.0005746066308455997,0.0010434426758577763,0.002692409683135435,United States,USA,massachusetts,,,Linux-3.10.0-1127.el7.x86_64-x86_64-with-redhat-7.8-Maipo,3.6.8,2.2.6,1,Intel(R) Xeon(R) CPU E5-2695 v4 @ 2.10GHz,1,1 x Tesla P100-PCIE-16GB,-71.0863,42.3687,251.62087631225586,machine,N,1.0
2025-05-01T01:26:13,StyleGAN2-ADA-PyTorch-Generation,98f7b421-ede8-4d3e-80ff-f286fab4af1a,23.58289980888367,0.0005398359903232818,2.2890992825230332e-05,95.70614278316715,31.885000000000005,94.35782861709595,0.0006270010532671152,0.00021281889494134324,0.0006092187858826452,0.0014490387340911038,United States,USA,massachusetts,,,Linux-3.10.0-1127.el7.x86_64-x86_64-with-redhat-7.8-Maipo,3.6.8,2.2.6,1,Intel(R) Xeon(R) CPU E5-2695 v4 @ 2.10GHz,1,1 x Tesla P100-PCIE-16GB,-71.0863,42.3687,251.62087631225586,machine,N,1.0
2025-05-01T01:26:59,StyleGAN2-ADA-PyTorch-Generation,65eb97f9-312f-4eb9-be43-f26fefeca272,40.965009450912476,0.0010089122769414123,2.4628635278367772e-05,95.4610799700771,31.901,94.35782861709595,0.0010892290905492466,0.0005591150835643213,0.0010597986596249972,0.002708142833738565,United States,USA,massachusetts,,,Linux-3.10.0-1127.el7.x86_64-x86_64-with-redhat-7.8-Maipo,3.6.8,2.2.6,1,Intel(R) Xeon(R) CPU E5-2695 v4 @ 2.10GHz,1,1 x Tesla P100-PCIE-16GB,-71.0863,42.3687,251.62087631225586,machine,N,1.0
2025-05-01T01:27:50,StyleGAN2-ADA-PyTorch-Generation,2f71601f-d933-4148-b621-d6d46474cadc,40.91378784179688,0.0009397792400416023,2.2969744177084938e-05,96.5592309701702,31.901,94.35782861709595,0.0010977888496192644,0.000366392838389145,0.0010583928433774668,0.0025225745313858764,United States,USA,massachusetts,,,Linux-3.10.0-1127.el7.x86_64-x86_64-with-redhat-7.8-Maipo,3.6.8,2.2.6,1,Intel(R) Xeon(R) CPU E5-2695 v4 @ 2.10GHz,1,1 x Tesla P100-PCIE-16GB,-71.0863,42.3687,251.62087631225586,machine,N,1.0
2025-05-01T01:28:35,StyleGAN2-ADA-PyTorch-Generation,a7bf90d4-78af-4dae-97e8-30bc035e624f,40.680870056152344,0.000930270454080634,2.2867516176437954e-05,95.52128000714865,31.885000000000005,94.35782861709595,0.0010826135360901344,0.0003622667639738322,0.0010521705548375507,0.002497050854901517,United States,USA,massachusetts,,,Linux-3.10.0-1127.el7.x86_64-x86_64-with-redhat-7.8-Maipo,3.6.8,2.2.6,1,Intel(R) Xeon(R) CPU E5-2695 v4 @ 2.10GHz,1,1 x Tesla P100-PCIE-16GB,-71.0863,42.3687,251.62087631225586,machine,N,1.0
2025-05-01T01:29:21,StyleGAN2-ADA-PyTorch-Generation,99f7eeae-9d63-4e63-abdf-57b2f25f31c2,41.00502038002014,0.0009387091201522382,2.2892541241355608e-05,96.57290537393808,32.141,94.35782861709595,0.0010941365122529528,0.0003648499143755436,0.0010607156672067053,0.002519702093835202,United States,USA,massachusetts,,,Linux-3.10.0-1127.el7.x86_64-x86_64-with-redhat-7.8-Maipo,3.6.8,2.2.6,1,Intel(R) Xeon(R) CPU E5-2695 v4 @ 2.10GHz,1,1 x Tesla P100-PCIE-16GB,-71.0863,42.3687,251.62087631225586,machine,N,1.0
2025-05-01T01:30:06,StyleGAN2-ADA-PyTorch-Generation,5675781c-f5db-4bcf-ba68-1a751ee17840,41.17658114433289,0.0009508167919798537,2.309120294973091e-05,96.0115634157885,31.901,94.35782861709595,0.0011200593518800998,0.0003666607349451383,0.0010654816657440394,0.002552201752569277,United States,USA,massachusetts,,,Linux-3.10.0-1127.el7.x86_64-x86_64-with-redhat-7.8-Maipo,3.6.8,2.2.6,1,Intel(R) Xeon(R) CPU E5-2695 v4 @ 2.10GHz,1,1 x Tesla P100-PCIE-16GB,-71.0863,42.3687,251.62087631225586,machine,N,1.0
2025-05-01T01:30:52,StyleGAN2-ADA-PyTorch-Generation,3d9d3e17-ddc5-457b-be30-fd4edb2290f8,40.639907598495476,0.0009321864959110213,2.2937711992867114e-05,96.50273963481342,31.901,94.35782861709595,0.0010902928127891074,0.0003608471623821391,0.0010510539581432296,0.002502193933314477,United States,USA,massachusetts,,,Linux-3.10.0-1127.el7.x86_64-x86_64-with-redhat-7.8-Maipo,3.6.8,2.2.6,1,Intel(R) Xeon(R) CPU E5-2695 v4 @ 2.10GHz,1,1 x Tesla P100-PCIE-16GB,-71.0863,42.3687,251.62087631225586,machine,N,1.0
2025-05-01T01:31:37,StyleGAN2-ADA-PyTorch-Generation,758b10a7-47a8-48ff-96e5-976d9f4736e8,40.81254386901856,0.0009395455607402504,2.302099971409707e-05,95.92211049020236,31.885000000000005,94.35782861709595,0.0010949455148445966,0.0003714079295554426,0.0010555938402570446,0.002521947284657084,United States,USA,massachusetts,,,Linux-3.10.0-1127.el7.x86_64-x86_64-with-redhat-7.8-Maipo,3.6.8,2.2.6,1,Intel(R) Xeon(R) CPU E5-2695 v4 @ 2.10GHz,1,1 x Tesla P100-PCIE-16GB,-71.0863,42.3687,251.62087631225586,machine,N,1.0
2025-05-01T01:32:22,StyleGAN2-ADA-PyTorch-Generation,79e5a374-4893-449c-8149-24f1f0498b1c,40.35152244567871,0.0009247750941434279,2.291797280730515e-05,96.51575340885479,31.901,94.35782861709595,0.001078432753578846,0.0003603870617461866,0.0010434802827734503,0.0024823000980984827,United States,USA,massachusetts,,,Linux-3.10.0-1127.el7.x86_64-x86_64-with-redhat-7.8-Maipo,3.6.8,2.2.6,1,Intel(R) Xeon(R) CPU E5-2695 v4 @ 2.10GHz,1,1 x Tesla P100-PCIE-16GB,-71.0863,42.3687,251.62087631225586,machine,N,1.0
2025-05-01T01:33:07,StyleGAN2-ADA-PyTorch-Generation,5ba00067-a918-443f-8e00-88e144af2e41,40.65580677986146,0.0009326269837761287,2.2939576351934523e-05,95.89564574905505,32.365,94.35782861709595,0.001088418647123109,0.0003634220910401477,0.001051535561628964,0.0025033762997922213,United States,USA,massachusetts,,,Linux-3.10.0-1127.el7.x86_64-x86_64-with-redhat-7.8-Maipo,3.6.8,2.2.6,1,Intel(R) Xeon(R) CPU E5-2695 v4 @ 2.10GHz,1,1 x Tesla P100-PCIE-16GB,-71.0863,42.3687,251.62087631225586,machine,N,1.0
2025-05-01T01:33:52,StyleGAN2-ADA-PyTorch-Generation,62248b1e-4ab9-4762-a6db-62fa15db1ead,40.00805401802064,0.0009191067855969652,2.297304400716357e-05,97.67287126857569,31.901,94.35782861709595,0.0010761913937302019,0.0003562819157218933,0.0010346117996722633,0.002467085109124359,United States,USA,massachusetts,,,Linux-3.10.0-1127.el7.x86_64-x86_64-with-redhat-7.8-Maipo,3.6.8,2.2.6,1,Intel(R) Xeon(R) CPU E5-2695 v4 @ 2.10GHz,1,1 x Tesla P100-PCIE-16GB,-71.0863,42.3687,251.62087631225586,machine,N,1.0
2025-05-01T01:34:37,StyleGAN2-ADA-PyTorch-Generation,e85e8f9d-a931-4dbd-a73b-65733b1d913b,40.43677020072936,0.0009943721032955849,2.4590789480947447e-05,97.77681657086409,31.901,94.35782861709595,0.0010857478549864757,0.0005377130703015459,0.0010456528789102996,0.002669113804198321,United States,USA,massachusetts,,,Linux-3.10.0-1127.el7.x86_64-x86_64-with-redhat-7.8-Maipo,3.6.8,2.2.6,1,Intel(R) Xeon(R) CPU E5-2695 v4 @ 2.10GHz,1,1 x Tesla P100-PCIE-16GB,-71.0863,42.3687,251.62087631225586,machine,N,1.0
2025-05-01T01:35:23,StyleGAN2-ADA-PyTorch-Generation,6c53f1d3-7866-4996-8a40-b713aab599dc,41.24775886535645,0.0009477462821558332,2.2976915794371443e-05,97.53318548352829,31.901,94.35782861709595,0.0011076612177949342,0.00036933798878437937,0.0010669606211309928,0.002543959827710307,United States,USA,massachusetts,,,Linux-3.10.0-1127.el7.x86_64-x86_64-with-redhat-7.8-Maipo,3.6.8,2.2.6,1,Intel(R) Xeon(R) CPU E5-2695 v4 @ 2.10GHz,1,1 x Tesla P100-PCIE-16GB,-71.0863,42.3687,251.62087631225586,machine,N,1.0
2025-05-01T01:36:08,StyleGAN2-ADA-PyTorch-Generation,e749c654-5e4e-4d1f-8428-61e923b2e0f0,40.49119234085083,0.0009304578906281068,2.2979266275875618e-05,97.45195510549576,31.901,94.35782861709595,0.0010839599521672658,0.0003665689173279868,0.0010470251063954927,0.002497553975890745,United States,USA,massachusetts,,,Linux-3.10.0-1127.el7.x86_64-x86_64-with-redhat-7.8-Maipo,3.6.8,2.2.6,1,Intel(R) Xeon(R) CPU E5-2695 v4 @ 2.10GHz,1,1 x Tesla P100-PCIE-16GB,-71.0863,42.3687,251.62087631225586,machine,N,1.0
2025-05-01T01:36:54,StyleGAN2-ADA-PyTorch-Generation,bf794b69-9663-4eb6-ae2f-f61d32798fa9,41.056927680969245,0.0009683354475189381,2.358519017894713e-05,96.26894780942392,32.141,94.35782861709595,0.0010934624817137298,0.0004438334025953213,0.001061929799417782,0.0025992256837268327,United States,USA,massachusetts,,,Linux-3.10.0-1127.el7.x86_64-x86_64-with-redhat-7.8-Maipo,3.6.8,2.2.6,1,Intel(R) Xeon(R) CPU E5-2695 v4 @ 2.10GHz,1,1 x Tesla P100-PCIE-16GB,-71.0863,42.3687,251.62087631225586,machine,N,1.0
2025-05-01T01:37:39,StyleGAN2-ADA-PyTorch-Generation,d9411b21-1a17-452b-b3c6-ad3b4d7598cd,40.161567211151116,0.0009181401163109806,2.2861162550849185e-05,96.13194115738487,31.901,94.35782861709595,0.0010691978456353664,0.00035660000392993303,0.0010386925062199767,0.002464490355785277,United States,USA,massachusetts,,,Linux-3.10.0-1127.el7.x86_64-x86_64-with-redhat-7.8-Maipo,3.6.8,2.2.6,1,Intel(R) Xeon(R) CPU E5-2695 v4 @ 2.10GHz,1,1 x Tesla P100-PCIE-16GB,-71.0863,42.3687,251.62087631225586,machine,N,1.0
2025-05-01T01:38:24,StyleGAN2-ADA-PyTorch-Generation,6adf2ea2-51c6-4781-be9a-7bdf353ac3f6,40.63178038597107,0.0009672569551121607,2.380542880287189e-05,97.01242050978338,32.141,94.35782861709595,0.0010885539413980107,0.0004569114636993408,0.001050865367397447,0.0025963307724947986,United States,USA,massachusetts,,,Linux-3.10.0-1127.el7.x86_64-x86_64-with-redhat-7.8-Maipo,3.6.8,2.2.6,1,Intel(R) Xeon(R) CPU E5-2695 v4 @ 2.10GHz,1,1 x Tesla P100-PCIE-16GB,-71.0863,42.3687,251.62087631225586,machine,N,1.0
2025-05-01T01:38:51,StyleGAN2-ADA-PyTorch-Generation,496ec9b9-33b3-4d92-8bf5-5476e523be09,22.66281199455261,0.0005183782604765209,2.28735189878962e-05,96.1624659123618,31.901,94.35782861709595,0.0006036646412646562,0.00020266802735057144,0.0005851087910240574,0.0013914414596392852,United States,USA,massachusetts,,,Linux-3.10.0-1127.el7.x86_64-x86_64-with-redhat-7.8-Maipo,3.6.8,2.2.6,1,Intel(R) Xeon(R) CPU E5-2695 v4 @ 2.10GHz,1,1 x Tesla P100-PCIE-16GB,-71.0863,42.3687,251.62087631225586,machine,N,1.0
2025-05-01T01:39:36,StyleGAN2-ADA-PyTorch-Generation,86f91030-ac68-4f6a-8c01-ad8fcdbca319,40.70943546295165,0.0009366354810886004,2.300782289012585e-05,99.47870739297686,32.125,94.35782861709595,0.0010979416239081524,0.0003631225635588832,0.0010530718022595169,0.002514135989726552,United States,USA,massachusetts,,,Linux-3.10.0-1127.el7.x86_64-x86_64-with-redhat-7.8-Maipo,3.6.8,2.2.6,1,Intel(R) Xeon(R) CPU E5-2695 v4 @ 2.10GHz,1,1 x Tesla P100-PCIE-16GB,-71.0863,42.3687,251.62087631225586,machine,N,1.0
2025-05-01T01:40:04,StyleGAN2-ADA-PyTorch-Generation,910fece6-ee5a-4aa4-a483-f7faaac1c153,23.090758562088013,0.0005302214735566627,2.296249697171996e-05,95.59219528648592,31.901,94.35782861709595,0.0006217094162560242,0.0002055278994069497,0.0005959939371669112,0.0014232312528298851,United States,USA,massachusetts,,,Linux-3.10.0-1127.el7.x86_64-x86_64-with-redhat-7.8-Maipo,3.6.8,2.2.6,1,Intel(R) Xeon(R) CPU E5-2695 v4 @ 2.10GHz,1,1 x Tesla P100-PCIE-16GB,-71.0863,42.3687,251.62087631225586,machine,N,1.0
2025-05-01T01:40:49,StyleGAN2-ADA-PyTorch-Generation,885b9aae-3285-47dc-80a9-4cfb9557d8f6,40.63279247283936,0.0009312653558343584,2.291905870010915e-05,95.99439079643663,32.141,94.35782861709595,0.001087227022558696,0.00036153811394393437,0.0010509562539015279,0.0024997213904041585,United States,USA,massachusetts,,,Linux-3.10.0-1127.el7.x86_64-x86_64-with-redhat-7.8-Maipo,3.6.8,2.2.6,1,Intel(R) Xeon(R) CPU E5-2695 v4 @ 2.10GHz,1,1 x Tesla P100-PCIE-16GB,-71.0863,42.3687,251.62087631225586,machine,N,1.0
2025-05-01T01:41:16,StyleGAN2-ADA-PyTorch-Generation,845cda32-3d75-4a16-82ef-f178369c4fd2,22.26747417449951,0.0005087605456967116,2.284769892219473e-05,95.53850017708832,32.141,94.35782861709595,0.0005933708766407662,0.0001976943539044592,0.0005745601636608558,0.0013656253942060813,United States,USA,massachusetts,,,Linux-3.10.0-1127.el7.x86_64-x86_64-with-redhat-7.8-Maipo,3.6.8,2.2.6,1,Intel(R) Xeon(R) CPU E5-2695 v4 @ 2.10GHz,1,1 x Tesla P100-PCIE-16GB,-71.0863,42.3687,251.62087631225586,machine,N,1.0
2025-05-01T01:42:01,StyleGAN2-ADA-PyTorch-Generation,0ac27cf4-af36-42f0-b70e-213eb2fc3171,40.414393663406365,0.0009247225226378377,2.288101933037628e-05,95.69058770217251,31.901,94.35782861709595,0.001077208102321349,0.00035994353250741955,0.0010450073497662148,0.002482158984594984,United States,USA,massachusetts,,,Linux-3.10.0-1127.el7.x86_64-x86_64-with-redhat-7.8-Maipo,3.6.8,2.2.6,1,Intel(R) Xeon(R) CPU E5-2695 v4 @ 2.10GHz,1,1 x Tesla P100-PCIE-16GB,-71.0863,42.3687,251.62087631225586,machine,N,1.0
2025-05-01T01:42:48,StyleGAN2-ADA-PyTorch-Generation,b2259d14-e1f3-42bc-9e24-28208a8b1551,41.57896947860718,0.0009699628534137267,2.332820812003969e-05,97.75372117592468,32.141,94.35782861709595,0.0011120617090930977,0.0004166579758428203,0.0010748743147607801,0.0026035939996966987,United States,USA,massachusetts,,,Linux-3.10.0-1127.el7.x86_64-x86_64-with-redhat-7.8-Maipo,3.6.8,2.2.6,1,Intel(R) Xeon(R) CPU E5-2695 v4 @ 2.10GHz,1,1 x Tesla P100-PCIE-16GB,-71.0863,42.3687,251.62087631225586,machine,N,1.0
2025-05-01T01:43:16,StyleGAN2-ADA-PyTorch-Generation,fc99965f-68e0-4fa3-93a6-1e11df32ca15,23.04275822639465,0.0005266051165430482,2.285338896364589e-05,95.53310129235243,32.141,94.35782861709595,0.0006138396077379586,0.0002046162464989556,0.0005950682996166848,0.0014135241538535991,United States,USA,massachusetts,,,Linux-3.10.0-1127.el7.x86_64-x86_64-with-redhat-7.8-Maipo,3.6.8,2.2.6,1,Intel(R) Xeon(R) CPU E5-2695 v4 @ 2.10GHz,1,1 x Tesla P100-PCIE-16GB,-71.0863,42.3687,251.62087631225586,machine,N,1.0
2025-05-01T01:43:57,StyleGAN2-ADA-PyTorch-Generation,61806501-4b78-43d3-8b5c-a5a7b0669489,36.40991044044495,0.0008338636727563051,2.290210721941328e-05,95.79397982966788,32.141,94.35782861709595,0.0009740612775817305,0.00032374403181201884,0.0009404685041987113,0.002238273813592461,United States,USA,massachusetts,,,Linux-3.10.0-1127.el7.x86_64-x86_64-with-redhat-7.8-Maipo,3.6.8,2.2.6,1,Intel(R) Xeon(R) CPU E5-2695 v4 @ 2.10GHz,1,1 x Tesla P100-PCIE-16GB,-71.0863,42.3687,251.62087631225586,machine,N,1.0
2025-05-01T01:44:42,StyleGAN2-ADA-PyTorch-Generation,17f6d342-e9d6-41f6-8140-da8f70f52b8a,40.38152098655701,0.0009253245178582416,2.2914553371238346e-05,95.85733371911759,31.901,94.35782861709595,0.0010778566678401984,0.00036165176352202886,0.001044266441035236,0.002483774872397463,United States,USA,massachusetts,,,Linux-3.10.0-1127.el7.x86_64-x86_64-with-redhat-7.8-Maipo,3.6.8,2.2.6,1,Intel(R) Xeon(R) CPU E5-2695 v4 @ 2.10GHz,1,1 x Tesla P100-PCIE-16GB,-71.0863,42.3687,251.62087631225586,machine,N,1.0
2025-05-01T01:45:27,StyleGAN2-ADA-PyTorch-Generation,ef3d9d20-bc4d-48f9-bb46-8e46f4995d96,40.85295510292053,0.000933857368189257,2.285899186084819e-05,95.59447254388596,32.141,94.35782861709595,0.0010877126751694458,0.00036246364840090273,0.0010565025990636296,0.0025066789226339784,United States,USA,massachusetts,,,Linux-3.10.0-1127.el7.x86_64-x86_64-with-redhat-7.8-Maipo,3.6.8,2.2.6,1,Intel(R) Xeon(R) CPU E5-2695 v4 @ 2.10GHz,1,1 x Tesla P100-PCIE-16GB,-71.0863,42.3687,251.62087631225586,machine,N,1.0
2025-05-01T01:46:13,StyleGAN2-ADA-PyTorch-Generation,fd9dae6e-4e90-498e-b3f6-c9cf123f9cfa,40.90670347213745,0.000955805680524726,2.3365502457946727e-05,95.83100399314469,32.381,94.35782861709595,0.001090140361000476,0.00041745347823765534,0.0010579991893319444,0.002565593028570076,United States,USA,massachusetts,,,Linux-3.10.0-1127.el7.x86_64-x86_64-with-redhat-7.8-Maipo,3.6.8,2.2.6,1,Intel(R) Xeon(R) CPU E5-2695 v4 @ 2.10GHz,1,1 x Tesla P100-PCIE-16GB,-71.0863,42.3687,251.62087631225586,machine,N,1.0
2025-05-01T01:46:58,StyleGAN2-ADA-PyTorch-Generation,180a1959-dab1-4367-aaf9-24839fb425d7,40.52138996124268,0.00101190371914388,2.49720880777222e-05,96.66765325532728,31.901,94.35782861709595,0.0010822257257798867,0.0005859091481104162,0.0010480376497908964,0.0027161725236812,United States,USA,massachusetts,,,Linux-3.10.0-1127.el7.x86_64-x86_64-with-redhat-7.8-Maipo,3.6.8,2.2.6,1,Intel(R) Xeon(R) CPU E5-2695 v4 @ 2.10GHz,1,1 x Tesla P100-PCIE-16GB,-71.0863,42.3687,251.62087631225586,machine,N,1.0
2025-05-01T01:47:43,StyleGAN2-ADA-PyTorch-Generation,88f73a05-574e-46c4-9632-153b787443a2,40.625108003616326,0.0009302018882793322,2.2897216376545466e-05,95.69740747226628,32.141,94.35782861709595,0.0010831406920674203,0.00036337943519896936,0.0010503466819180927,0.0024968668091844824,United States,USA,massachusetts,,,Linux-3.10.0-1127.el7.x86_64-x86_64-with-redhat-7.8-Maipo,3.6.8,2.2.6,1,Intel(R) Xeon(R) CPU E5-2695 v4 @ 2.10GHz,1,1 x Tesla P100-PCIE-16GB,-71.0863,42.3687,251.62087631225586,machine,N,1.0
2025-05-01T01:48:28,StyleGAN2-ADA-PyTorch-Generation,0635d9ba-de2e-49ac-8748-9bf12a28e0f6,40.47568535804749,0.0010062856315608882,2.486148468294721e-05,96.31604445065744,31.901,94.35782861709595,0.001078854421138399,0.0005756696684641307,0.0010465682492351274,0.0027010923388376576,United States,USA,massachusetts,,,Linux-3.10.0-1127.el7.x86_64-x86_64-with-redhat-7.8-Maipo,3.6.8,2.2.6,1,Intel(R) Xeon(R) CPU E5-2695 v4 @ 2.10GHz,1,1 x Tesla P100-PCIE-16GB,-71.0863,42.3687,251.62087631225586,machine,N,1.0
2025-05-01T01:49:13,StyleGAN2-ADA-PyTorch-Generation,dbf0a960-8e3e-498d-9e75-e41f6bf813f3,40.291337013244636,0.0009229051631012833,2.290579641965975e-05,95.83093144630837,31.901,94.35782861709595,0.0010762965949254778,0.0003588594559641017,0.001042124740310665,0.0024772807912002443,United States,USA,massachusetts,,,Linux-3.10.0-1127.el7.x86_64-x86_64-with-redhat-7.8-Maipo,3.6.8,2.2.6,1,Intel(R) Xeon(R) CPU E5-2695 v4 @ 2.10GHz,1,1 x Tesla P100-PCIE-16GB,-71.0863,42.3687,251.62087631225586,machine,N,1.0
2025-05-01T01:49:59,StyleGAN2-ADA-PyTorch-Generation,9503fbd5-7cc7-4908-adc5-dc31291c7a05,41.13582158088685,0.0009490633445981476,2.307145714184826e-05,97.95596793815045,31.901,94.35782861709595,0.0011172670832573992,0.00036621104698412944,0.0010640169832376776,0.002547495113479207,United States,USA,massachusetts,,,Linux-3.10.0-1127.el7.x86_64-x86_64-with-redhat-7.8-Maipo,3.6.8,2.2.6,1,Intel(R) Xeon(R) CPU E5-2695 v4 @ 2.10GHz,1,1 x Tesla P100-PCIE-16GB,-71.0863,42.3687,251.62087631225586,machine,N,1.0
2025-05-01T01:50:45,StyleGAN2-ADA-PyTorch-Generation,2a09c1d5-0e85-438b-b6d2-3c94ad9985b2,41.34090614318848,0.0009563600281489973,2.3133504254516e-05,97.06416129017671,32.141,94.35782861709595,0.0011104068794359004,0.0003877320071486632,0.0010689421331423069,0.0025670810197268704,United States,USA,massachusetts,,,Linux-3.10.0-1127.el7.x86_64-x86_64-with-redhat-7.8-Maipo,3.6.8,2.2.6,1,Intel(R) Xeon(R) CPU E5-2695 v4 @ 2.10GHz,1,1 x Tesla P100-PCIE-16GB,-71.0863,42.3687,251.62087631225586,machine,N,1.0
2025-05-01T01:51:30,StyleGAN2-ADA-PyTorch-Generation,e4328782-b3fd-4283-998c-2030c3af5cbc,40.24374103546143,0.0009259190783750552,2.3007778465703932e-05,97.62803257474168,31.885000000000005,94.35782861709595,0.0010816224619639436,0.00036329496585865804,0.0010404533759948986,0.002485370803817501,United States,USA,massachusetts,,,Linux-3.10.0-1127.el7.x86_64-x86_64-with-redhat-7.8-Maipo,3.6.8,2.2.6,1,Intel(R) Xeon(R) CPU E5-2695 v4 @ 2.10GHz,1,1 x Tesla P100-PCIE-16GB,-71.0863,42.3687,251.62087631225586,machine,N,1.0
2025-05-01T01:52:16,StyleGAN2-ADA-PyTorch-Generation,78558170-9958-422c-a691-f33fae70ee00,41.246084690094,0.0009428533029934258,2.2859219489016598e-05,95.85125997498163,31.885000000000005,94.35782861709595,0.0010973877134650217,0.0003662931739212408,0.00106714510623643,0.0025308259936226924,United States,USA,massachusetts,,,Linux-3.10.0-1127.el7.x86_64-x86_64-with-redhat-7.8-Maipo,3.6.8,2.2.6,1,Intel(R) Xeon(R) CPU E5-2695 v4 @ 2.10GHz,1,1 x Tesla P100-PCIE-16GB,-71.0863,42.3687,251.62087631225586,machine,N,1.0
2025-05-01T01:53:00,StyleGAN2-ADA-PyTorch-Generation,241c92e1-0956-4532-bf21-796a295c891c,40.343689680099494,0.0009382454646905807,2.325631275003073e-05,96.81355153718893,32.381,94.35782861709595,0.0010794073307474027,0.00039734570696406895,0.001041704502712587,0.002518457540424059,United States,USA,massachusetts,,,Linux-3.10.0-1127.el7.x86_64-x86_64-with-redhat-7.8-Maipo,3.6.8,2.2.6,1,Intel(R) Xeon(R) CPU E5-2695 v4 @ 2.10GHz,1,1 x Tesla P100-PCIE-16GB,-71.0863,42.3687,251.62087631225586,machine,N,1.0
2025-05-01T01:53:51,StyleGAN2-ADA-PyTorch-Generation,0ecf3b1e-c550-4379-9cd8-7affadd7aed4,40.63596224784849,0.0009299454293391424,2.288478918420047e-05,95.71549169233923,31.885000000000005,94.35782861709595,0.0010833188635988415,0.00036182271135257356,0.00105103684193485,0.002496178416886265,United States,USA,massachusetts,,,Linux-3.10.0-1127.el7.x86_64-x86_64-with-redhat-7.8-Maipo,3.6.8,2.2.6,1,Intel(R) Xeon(R) CPU E5-2695 v4 @ 2.10GHz,1,1 x Tesla P100-PCIE-16GB,-71.0863,42.3687,251.62087631225586,machine,N,1.0
2025-05-01T01:54:17,StyleGAN2-ADA-PyTorch-Generation,ef8f8e09-073e-4832-8a21-e877ad11d714,22.04171347618103,0.0005046711307140907,2.289618414917943e-05,95.65247244525732,31.901,94.35782861709595,0.0005876640148530649,0.00019822770064857275,0.0005687567879157406,0.0013546485034173785,United States,USA,massachusetts,,,Linux-3.10.0-1127.el7.x86_64-x86_64-with-redhat-7.8-Maipo,3.6.8,2.2.6,1,Intel(R) Xeon(R) CPU E5-2695 v4 @ 2.10GHz,1,1 x Tesla P100-PCIE-16GB,-71.0863,42.3687,251.62087631225586,machine,N,1.0
2025-05-01T01:55:03,StyleGAN2-ADA-PyTorch-Generation,bfb19064-3f1a-4606-b978-06cfeab57078,40.67232441902161,0.0009495377514587807,2.334604095099865e-05,95.52178119102061,32.147,94.35782861709595,0.0010829539419180132,0.00041366576978007954,0.0010521488143158443,0.002548768526013937,United States,USA,massachusetts,,,Linux-3.10.0-1127.el7.x86_64-x86_64-with-redhat-7.8-Maipo,3.6.8,2.2.6,1,Intel(R) Xeon(R) CPU E5-2695 v4 @ 2.10GHz,1,1 x Tesla P100-PCIE-16GB,-71.0863,42.3687,251.62087631225586,machine,N,1.0
2025-05-01T01:55:48,StyleGAN2-ADA-PyTorch-Generation,907508c2-9eb3-470a-8359-d567402f2a30,40.408783912658684,0.0009871034760842946,2.4427943147654805e-05,95.48503546442556,31.901,94.35782861709595,0.0010732471649859306,0.0005315355273517635,0.001044820515009682,0.002649603207347376,United States,USA,massachusetts,,,Linux-3.10.0-1127.el7.x86_64-x86_64-with-redhat-7.8-Maipo,3.6.8,2.2.6,1,Intel(R) Xeon(R) CPU E5-2695 v4 @ 2.10GHz,1,1 x Tesla P100-PCIE-16GB,-71.0863,42.3687,251.62087631225586,machine,N,1.0
2025-05-01T01:56:34,StyleGAN2-ADA-PyTorch-Generation,1ca5e890-ab0c-4a0b-8110-d6fd372c9bb9,41.579430341720574,0.0009507953922975607,2.286696533558657e-05,95.46103041110209,32.141,94.35782861709595,0.0011067273137144796,0.0003698484232239591,0.0010755685741688104,0.002552144311107249,United States,USA,massachusetts,,,Linux-3.10.0-1127.el7.x86_64-x86_64-with-redhat-7.8-Maipo,3.6.8,2.2.6,1,Intel(R) Xeon(R) CPU E5-2695 v4 @ 2.10GHz,1,1 x Tesla P100-PCIE-16GB,-71.0863,42.3687,251.62087631225586,machine,N,1.0
2025-05-01T01:57:19,StyleGAN2-ADA-PyTorch-Generation,f08bd4cf-beec-48cb-9017-9872096f373f,40.524003028869636,0.0009258326369734756,2.284652472051947e-05,95.54194961637162,32.141,94.35782861709595,0.0010774900503246786,0.00035948220757133425,0.0010481665181549752,0.002485138776050988,United States,USA,massachusetts,,,Linux-3.10.0-1127.el7.x86_64-x86_64-with-redhat-7.8-Maipo,3.6.8,2.2.6,1,Intel(R) Xeon(R) CPU E5-2695 v4 @ 2.10GHz,1,1 x Tesla P100-PCIE-16GB,-71.0863,42.3687,251.62087631225586,machine,N,1.0
2025-05-01T01:58:05,StyleGAN2-ADA-PyTorch-Generation,5c91b3a7-75a7-4a6f-a68b-62fdc8b17ad4,40.55544424057007,0.0009285024839952383,2.289464463728895e-05,96.80047306378492,31.901,94.35782861709595,0.0010840313969466447,0.00035917546319656903,0.0010490983735319042,0.002492305233675118,United States,USA,massachusetts,,,Linux-3.10.0-1127.el7.x86_64-x86_64-with-redhat-7.8-Maipo,3.6.8,2.2.6,1,Intel(R) Xeon(R) CPU E5-2695 v4 @ 2.10GHz,1,1 x Tesla P100-PCIE-16GB,-71.0863,42.3687,251.62087631225586,machine,N,1.0
2025-05-01T01:58:50,StyleGAN2-ADA-PyTorch-Generation,751d7d97-61a9-493a-ae13-3a2e06be71b8,41.27831983566284,0.0009453430620041374,2.290168460750668e-05,95.9083014702958,31.901,94.35782861709595,0.0011040588951908537,0.00036561646242141716,0.0010678336977360996,0.002537509055348371,United States,USA,massachusetts,,,Linux-3.10.0-1127.el7.x86_64-x86_64-with-redhat-7.8-Maipo,3.6.8,2.2.6,1,Intel(R) Xeon(R) CPU E5-2695 v4 @ 2.10GHz,1,1 x Tesla P100-PCIE-16GB,-71.0863,42.3687,251.62087631225586,machine,N,1.0
2025-05-01T01:59:36,StyleGAN2-ADA-PyTorch-Generation,842e8eb9-799f-4bf0-a50e-838b02a68c27,41.01038670539857,0.0010426193939759231,2.5423300722952552e-05,96.07457659293524,32.125,94.35782861709595,0.0010925673009975836,0.0006453757632421122,0.001060677097933934,0.00279862016217363,United States,USA,massachusetts,,,Linux-3.10.0-1127.el7.x86_64-x86_64-with-redhat-7.8-Maipo,3.6.8,2.2.6,1,Intel(R) Xeon(R) CPU E5-2695 v4 @ 2.10GHz,1,1 x Tesla P100-PCIE-16GB,-71.0863,42.3687,251.62087631225586,machine,N,1.0
2025-05-01T02:00:21,StyleGAN2-ADA-PyTorch-Generation,d50107c3-db85-4ee4-b71a-c66ba98a1d47,40.44930601119995,0.0009447300080572971,2.335590152759882e-05,99.0894515240484,31.885000000000005,94.35782861709595,0.001091654844156506,0.000398013665917582,0.0010461949734136013,0.0025358634834876893,United States,USA,massachusetts,,,Linux-3.10.0-1127.el7.x86_64-x86_64-with-redhat-7.8-Maipo,3.6.8,2.2.6,1,Intel(R) Xeon(R) CPU E5-2695 v4 @ 2.10GHz,1,1 x Tesla P100-PCIE-16GB,-71.0863,42.3687,251.62087631225586,machine,N,1.0
